Name,Type,Use,Sequence
PC_009,DNA Oligo,Sanger sequencing,tctctgcctggattgcttaag
PC_010,DNA Oligo,Sanger sequencing,gcttgctagagcgattacc
PC_011,DNA Oligo,Sanger sequencing,ataaggcgcgcctctag
PC_012,DNA Oligo,Sanger sequencing,tatccaatggcccctttcc
PC_013,DNA Oligo,Sanger sequencing,tctctagcagggccgag
PC_014,DNA Oligo,Sanger sequencing,atctagacatttttcctaggtttattcg
PC_015,DNA Oligo,Sanger sequencing,tttcgaataaacctaggaaaaatgtctag
PC_016,DNA Oligo,Sanger sequencing,gtatgccgccattattacgac
PC_017,DNA Oligo,Sanger sequencing,gcatggtttgaacttcttaatttacc
PC_018,DNA Oligo,Sanger sequencing,gaagatgcacctgatgaaatgg
PC_019,DNA Oligo,Sanger sequencing,agggctaaaccggtccat
PC_020,DNA Oligo,Sanger sequencing,gagctcgttttcgacactg
PC_021,DNA Oligo,Sanger sequencing,attacgctcgtcatcaaaatcac
PC_022,DNA Oligo,Sanger sequencing,cgtgagtcttttccttacccat
PC_023,DNA Oligo,Sanger sequencing,accccgtagaaaagatcaaagg
PC_024,DNA Oligo,Sanger sequencing,gatttttgtgatgctcgtcagg
PC_025,DNA Oligo,Sanger sequencing,gcccgagctcgaattcc
PC_026,DNA Oligo,Sanger sequencing,ggcatgctatttgatgaattaactac
PC_027,DNA Oligo,Sanger sequencing,gtttacaactcggactttccg
PC_028,DNA Oligo,Sanger sequencing,aaaatggaacaactttaccgacc
PC_029,DNA Oligo,Sanger sequencing,cgggaggtagatgagatgtg
PC_030,DNA Oligo,Sanger sequencing,gtgatagagacgacggaagg
PC_031,DNA Oligo,Sanger sequencing,cagggcgtatctcttcatagc
PC_032,DNA Oligo,Sanger sequencing,gggcgcgccttatatgtg
PC_033,DNA Oligo,"PCR, Gibson assembly",tctttatgtttttggcgtcttcatgttctcgagccatctctagcagcgggcagg
PC_034,DNA Oligo,"PCR, Gibson assembly",gtccgtatcgacctttctctgcctggattgcttaagctctagcagcgggcagg
PC_035,DNA Oligo,"PCR, Gibson assembly",atattttataataataaatacctaatagaaatatatcttaaggatagggaccttccgtcg
PC_036,DNA Oligo,"PCR, Gibson assembly",tataataataaatacctaatagaaatatatcttaagtcactgatagggaccacctgtctc
PC_037,DNA Oligo,"PCR, Gibson assembly",tatattttataataataaatacctaatagaaatatatcttaagccgtctcccctgctaga
PC_038,DNA Oligo,"PCR, Gibson assembly",ttttataataataaatacctaatagaaatatatcttaagcattgctagagttgtcccttc
PC_041,DNA Oligo,Sanger sequencing,ccttccgtcgtctctatcac
PC_044,DNA Oligo,"PCR, Gibson assembly",gaaagtgggtctcccgggagtggtgaaggtagaggatcattattaac
PC_045,DNA Oligo,"PCR, Gibson assembly",ttataatatttttaatctattattaaataaatttaatggaccggtttagccctcccacac
PC_046,DNA Oligo,"PCR, Gibson assembly",ataaatacctaatagaaatatatcttaagctcgagatggactgtccttacgaacctgatc
PC_047,DNA Oligo,"PCR, Gibson assembly",tgtgagtacataaatatattatataaactagtTCAtttgcattcatctggtacttctagg
PC_048,DNA Oligo,"Anneal-extension, Gibson assembly",cactttacttttatctaatctggatccgaccttccgcttcttctttggggccatttttcc
PC_049,DNA Oligo,"Anneal-extension, Gibson assembly",tcttcccacatttcgaataaacctaggaaaaatggccccaaagaagaagcggaaggtcgg
PC_051,DNA Oligo,Sanger sequencing,gacatactatcagatggactgtgt
PC_052,DNA Oligo,Sanger sequencing,tgaccgtgtcgaacgatg
PC_053,DNA Oligo,Sanger sequencing,gagaagcacctgtcggc
PC_054,DNA Oligo,Sanger sequencing,aatgtaggctgctctacacc
PC_055,DNA Oligo,Sanger sequencing,cctaggtttattcgaaatgtggg
PC_056,DNA Oligo,Sanger sequencing,catccgtttcctttgttctgg
PC_057,DNA Oligo,Sanger sequencing,acacagtccatctgatagtatgtc
PC_058,DNA Oligo,Sanger sequencing,cccacatttcgaataaacctagg
PC_059,DNA Oligo,"PCR, Gibson assembly",agaagaagcggaaggtcggatccagattagataaaagtaaagtgattaacagcgcattag
PC_060,DNA Oligo,"PCR, Gibson assembly",atgatcctctaccttcaccactcccgggag
PC_061,IDT Ultramer,"Anneal-extension, Gibson assembly",tatattttataataataaatacctaatagaaatatatcttaagctcgagtctctatcactgatagggaAGTtctctatcactgatagggaCTtctctatcactgatagggaTACtctctatcactgatagggaGTTtctctatcactgatagggaGCtctctatcactgatagggaCGtctctatcactgatagggaGCT
PC_062,IDT Ultramer,"Anneal-extension, Gibson assembly",gttcgtaaggacagtccatctcgagtccctatcagtgatagagaAGCtccctatcagtgatagagaCGtccctatcagtgatagagaGCtccctatcagtgatagagaAACtccctatcagtgatagagaGTAtccctatcagtgatagagaAGtccctatcagtgatagagaACTtccctatcagtgatagagactcga
PC_063,DNA Oligo,"PCR, Gibson assembly",gatcaggttcgtaaggacagtccatctcgagccatctctagcagcg
PC_064,IDT Ultramer,"PCR, Gibson assembly",caatggcccctttccgggcgcgcctagtagttgagtgattctatatacatatacataaataaattac
PC_066,IDT Ultramer,"PCR, Gibson assembly",caatggcccctttccgggcgcgccATTAATGAGGTGTGTTGGGAAACAGAAGAAAAAAAC
PC_068,DNA Oligo,"PCR, Gibson assembly",caatggcccctttccgggcgcgccTTTTTTAATGTATGACATGTGTTGTAAATTTTGAGC
PC_070,DNA Oligo,"PCR, Gibson assembly",caatggcccctttccgggcgcgccTTTAACGGTTCACCCCTCTTAACC
PC_072,IDT Ultramer,"Anneal-extension, Gibson assembly",aagatttatattttataataataaatacctaatagaaatatatcttaagtctctatcactgatagggaAGTtctctatcactgatagggaCTtctctatcactgatagggaTACtctctatcactgatagggaGTTtctctatcactgatagggaGCtctctatcactgatagggaCGtctctatcactgatagggaGCT
PC_073,IDT Ultramer,"Anneal-extension, Gibson assembly",gttcgtaaggacagtccatctcgagtccctatcagtgatagagaAGCtccctatcagtgatagagaCGtccctatcagtgatagagaGCtccctatcagtgatagagaAACtccctatcagtgatagagaGTAtccctatcagtgatagagaAGtccctatcagtgatagagaACTtccctatcagtgatagagacttaa
PC_080,IDT Ultramer,"Anneal-extension, Gibson assembly",gatttatattttataataataaatacctaatagaaatatatcttaagaacaaacagacaatctggtctgtttgtaAGTaacaaacagacaatctggtctgtttgtaCTaacaaacagacaatctggtctgtttgtaTACaacaaacagacaatctggtctgtttgtaGTTaacaaacagacaatctggtctgtttgtaGC
PC_081,IDT Ultramer,"Anneal-extension, Gibson assembly",gttcgtaaggacagtccatctcgagtacaaacagaccagattgtctgtttgttAGCtacaaacagaccagattgtctgtttgttCGtacaaacagaccagattgtctgtttgttGCtacaaacagaccagattgtctgtttgttAACtacaaacagaccagattgtctgtttgttGTAtacaaacagaccagattgtctg
PC_084,IDT gBlock gene fragment,Gibson assembly,atcctctaccttcaccactcccgggGCTGGCTCTCTGGGTGCCGGGGCACACGCCGTTGATCAGCAGAAAGGTGAACTCCTCAATATCCTGTTCCACGGTCAGCTGCTCGGTCAGCAGTCTGTACCAGCAGAAGCCGAAGATCATATCCAGCAGCAGTTCCCGGTTGGTGTCCTTGGGCAGCTCGCCGTTGCTGATGGCGTTTTCCACCAGTTTCTTGGGCATCTCTCTCCGCCGTTCCATGAACTGGTCCTTCAGCTGTGTCAGGGTGGCAGGGTCCAGCTGGGCTTCAGCGATCACGCATCTGAAGGCTTCGCCGCAGATGGTTTCCCGCCACACTTTCCACAGGTTCCGCAGCAGGAAGTCCAGATCGGCCTTGAAGCTGCCCAGGTCGGGGAACTTTCGGACCTGCTCGCTCTCGTTCTCGTACACCTCTGCGATCAGGGCGGCCTTGTTTGTCCACCATCGGTAGATGGTGGGCTTGGACGCGCCAGCCCTTCTAGCCACAGACTCGATGCTCAGGCCGCTGTAGCCGCACTCTTTCAGGATCTCGATGGTGCTGGTCAGGATGGCCTTGTGGGTGTGGGGGCTTCTCAGGCTGCCGATAGAGCTCCTAGAGGGGGTCCGGGCggatccgaccttccgcttcttcttt
PC_086,IDT gBlock gene fragment,Gibson assembly,atcctctaccttcaccactcccgggctgcccgctttccagtcgggaaacctgtcgtgccagctgcattaatgaatcggccaacgcgcggggagaggcggtttgcgtattgggagccagggtggtttttcttttcaccagtgagacgggcaacagctgattgcccttcaccgcctggccctgagagagttgcagcaagcggtccacgctggtttgccccagcaggcgaaaatcctgtttgatggtggtcaacggcgggatataacatgagctgtcttcggtatcgtcgtatcccactaccgaaatatccgcaccaacgcgcagcccggactcggtaatggcacgcatagcgcccagcgccatctgatcgttggcaaccagcatcgcagtgggaacgatgccctcattcagcatttgcatggtttgttgaaaaccggacatggcactccagtcaccttcccgttccgctatcggctgaatttgattgcgagtgagatatttatgccagccagccagacgcagacgcgctgagacagaacttaatggacccgctaacagcgcgatttgctggtgtcccaatgcgaccagatgctccacgcccagtcgcgtaccgtcttcatgggagaaaataatactgttgatgggtgtctggtcagagacatcaagaaataacgccggaacattagtgcaggcagcttccacagcaatagcatcctggtcatccagcggatagttaatgatcagcccactgacacgttgcgcgagaagattgtgaaccgccgctttacaggcttcgacgccgcttcgttctaccatcgacaccaccacgctggcacccagttgatcggcgcgagatttaatcgccgcgacaatttgcgacggcgcgtgcagggccagactggaggtggcaacgccaatcagcaacgactgtttgcccgccagttgttgtgccacgcggttgggaatgtaattcagctccgccatcgccgcttccactttttcccgcgttttcgcagaaacgtggctggcctggttcaccacgcgggaaacggtctgataagagacaccggcatactcagcgacatcgtataacgtaactggtttggatccgaccttccgcttcttctttg
PC_087,IDT gBlock gene fragment,Gibson assembly,atcctctaccttcaccactcccggggcgcttgaatttcgcgtaccgctctcgcgcaatttcgagtgtcgagttcctgacacgctcaaagcgttctttgtccttctgccataggctacgaacagcaagcccacgcaccgaattgaatatcaaccaaaggatgtcttctgcatcatcacgcgaaagaccacggctcaccagaacaccaagccacatatcctcgacgacaaaccgattcctctctaccgtgcgctgaataccctcgcgtaacgctgggtcccggtcggcagccacaatcaaatcaaggctgatagagaagtcatcgtcgaggaaaaattcggcggcgtcgtccagcatttgctggatgacatcatcctctggcttcaatttcgctaatcgagcccgactgcgttcggtgatctgttcgtaaagccattcaaaagtggcaagcagaagctcaagctttgtcgggaaatgatggctctgcgctcctctggagacaccagcagcaccgggcacatctgcgatacggaatcccgcgtaacctttttcccgtaaaacccccagagccgctgcaatcaacttgccttgggtctccatagcccgctctgcctgtgttcttctctttggactggatccgaccttccgcttcttcttt
PC_089,DNA Oligo,Sanger sequencing,tcctgcggcctctactc
PC_090,DNA Oligo,"PCR, Gibson assembly",aagatttatattttataataataaatacctaatagaaatatatcttaag
PC_094,DNA Oligo,"Anneal-extension, Gibson assembly",cactttacttttatctaatctggatcccatcctaggtttattcgaaatgtgggaaga
PC_095,DNA Oligo,"Anneal-extension, Gibson assembly",tcttcccacatttcgaataaacctaggatgggatccagattagataaaagtaaagtg
PC_096,IDT Ultramer,"PCR, Gibson assembly",cctaatagaaatatatcttaagtctgttatccgctcacatctcataattgtgagcgctcacaattttCTttgttatccgctcacaaTACaattgtgagcgctcacaattACGtgtgagcggataacattgcaaattgtgagcgctcacaattGTTttgtgagcggataacaagaGCTaattgtgagcgctcacaattctc
PC_097,IDT Ultramer,"PCR, Gibson assembly",aggacagtccatctcgagaattgtgagcgctcacaattAGCtcttgttatccgctcacaaAACaattgtgagcgctcacaatttgcaatgttatccgctcacaCGTaattgtgagcgctcacaattGTAttgtgagcggataacaaAGaaaattgtgagcgctcacaattatgagatgtgagcggataacagacttaaga
PC_100,IDT Ultramer,"Anneal-extension, Gibson assembly",agatttatattttataataataaatacctaatagaaatatatcttaagATGATACGAAACGTACCGTATCGTTACGGTAGTATGATACGAAACGTACCGTATCGTTACGGTCATATGATACGAAACGTACCGTATCGTTACGGTTACATGATACGAAACGTACCGTATCGTTACGGTGTTATGATACGAAACGTACCGTA
PC_101,IDT Ultramer,"Anneal-extension, Gibson assembly",gatcctctaccttcaccactcccACCGTAACGATACGGTACGTTTCGTATCATAGCACCGTAACGATACGGTACGTTTCGTATCATACGACCGTAACGATACGGTACGTTTCGTATCATGTGACCGTAACGATACGGTACGTTTCGTATCATAACACCGTAACGATACGGTACGTTTCGTATCATGTAACCGTAACGATA
PC_104,IDT Ultramer,"Anneal-extension, Gibson assembly",aagatttatattttataataataaatacctaatagaaatatatcttaagACGATACGAAACGTACCGTATCGTTAAGGTAGTACGATACGAAACGTACCGTATCGTTAAGGTCTACGATACGAAACGTACCGTATCGTTAAGGTTACACGATACGAAACGTACCGTATCGTTAAGGTGTTACGATACGAAACGTACCGTA
PC_105,IDT Ultramer,"Anneal-extension, Gibson assembly",gttcgtaaggacagtccatctcgagACCTTAACGATACGGTACGTTTCGTATCGTAGCACCTTAACGATACGGTACGTTTCGTATCGTGGACCTTAACGATACGGTACGTTTCGTATCGTACACCTTAACGATACGGTACGTTTCGTATCGTAACACCTTAACGATACGGTACGTTTCGTATCGTGTAACCTTAACGATA
PC_111,DNA Oligo,"PCR, Gibson assembly",cgttgcattagtctactgcgccactgttcattgtcaggactgtccttacgaacctgatcc
PC_113,DNA Oligo,"PCR, Gibson assembly",gtagaccccattgtgagtacataaatatattatataaactagt
PC_114,DNA Oligo,"PCR, Gibson assembly",GATAGGGAGCTTCTCTATCACTGATAGGGACTCGAGATGGAAGACGCCAAAAACATA
PC_117,DNA Oligo,"PCR, Gibson assembly",TTTTGTACAATTTATAACAAGTACATTAATTTGAAAAATTATC
PC_119,IDT Ultramer,"PCR, Gibson assembly",ccctatcagtgatagagacttaagGTTTAGTATATTAATATATATGTATATATATATATATATATATTTTTTTTTTTTCTATTTATATTTATTTATATAAATCAG
PC_122,DNA Oligo,"PCR, Gibson assembly",gaGCTaattgtgagcgctcacaattctcgagatggaagacgccaaaaac
PC_123,DNA Oligo,"PCR, Gibson assembly",aacaaacagacaatctggtctgtttgtactcgagatggaagacgccaaaaac
PC_126,IDT Ultramer,"PCR, Gibson assembly",tatattttataataataaatacctaatagaaatatatcttaagctcgagatggaagacgccaaaaacataaagaaagg
PC_127,DNA Oligo,"PCR, Gibson assembly",tcagtgatagagaACTtccctatcagtgatagagacttaag
PC_129,DNA Oligo,"PCR, Gibson assembly",AAATTAATGTACTTGTTATAAATTGTACAAAActtaagtctctatcactgatagggaAGT
PC_130,DNA Oligo,"PCR, Gibson assembly",ATTTTTTTTATTATCATATATATAATTCAAAActtaagtctctatcactgatagggaAGT
PC_131,IDT Ultramer,"PCR, Gibson assembly",cctatcagtgatagagaACTtccctatcagtgatagagacttaagTTTTGAATTATATATATGATAATAAAAAAAATTAAATAAATAAATATAAATATGTTTTATTTATATTTTAAAATATATATATATAAGG
PC_178,DNA Oligo,"PCR, Gibson assembly",ggtggaggttctggtggaggatctCCTGCAGGTATGGGTAATTTAATGATTTCCTTTTTG
PC_179,DNA Oligo,"PCR, Gibson assembly",caagaagggcggaaagtccgagttgtaaactagtCAGAATGTGTCCACATTAGGAACATG
PC_187,IDT Ultramer,"PCR, Gibson assembly",ctggatccgaccttccgcttcttctttggggccatttttcctaggTATATTGTATAATATTAACAAAAAAAAATAATAATAATAA
PC_199,IDT Ultramer,"PCR, Gibson assembly",caccacatgttaataatgatcctctaccttcaccactcccgggCATTATTTTCTTATTTTTTTCACTTGACC
PC_200,IDT Ultramer,"PCR, Gibson assembly",cttttttattatattttttttcttcccacatttcgaataaacctaggatgggatccagattagataaaagtaaagt
PC_207,IDT Ultramer,"PCR, Gibson assembly",tatataaattgataatatataaaattaatcacatataaggcgcgccACTTACATTATTTATTTATATAAAAAGTTAATTATAATAAAATATAC
PC_208,DNA Oligo,Sanger sequencing,aaattaatcacatataaggcgcg
PC_215,DNA Oligo,Sanger sequencing,ttcgatccgcttcattctctc
PC_217,IDT Ultramer,"Anneal-extension, Gibson assembly",aagatttatattttataataataaatacctaatagaaatatatcttaagATTTATATTATCTCGATTAAAAAATTGGTATCCGCTCACAATTCCAATTTTTTTTAAAATTGTTATCCGCTCACAATACCACAGAACGTAAAATTGGTATACGCTCACAATACCACAATATAAAaattgtgagcgctcacaattTCGACAc
PC_218,IDT Ultramer,"Anneal-extension, Gibson assembly",tggcgccgggcctttctttatgtttttggcgtcttccatctcgagctctagcagcgggcagggTGTCGAaattgtgagcgctcacaattTTTATATTGTGGTATTGTGAGCGTATACCAATTTTACGTTCTGTGGTATTGTGAGCGGATAACAATTTTAAAAAAAATTGGAATTGTGAGCGGATACCAATTTTTTAATCG
PC_219,IDT Ultramer,"Anneal-extension, Gibson assembly",aagatttatattttataataataaatacctaatagaaatatatcttaagccgtctcccctgctAATTGTTATCCGCTCACAATTCCACATTAGTCATAATTGGTATTCGCTCACAATACCACAATATTACTTAAATTGTTATACGCTCACAATTCCTCACATATCATAAATTGGTATCCGCTCACAATACCAATttaagA
PC_220,IDT Ultramer,"Anneal-extension, Gibson assembly",GCGGATACCAATTTTTTAATCGAGATAATATAAATcttaaATTGGTATTGTGAGCGGATACCAATTTATGATATGTGAGGAATTGTGAGCGTATAACAATTTAAGTAATATTGTGGTATTGTGAGCGAATACCAATTATGACTAATGTGGAATTGTGAGCGGATAACAATTagcaggggagacggcttaagatatatttc
PC_226,DNA Oligo,"PCR, Gibson assembly",tgtatatagaatcactcaactactaggcgcgccACTTACATTATTTATTTATATAAAAAG
PC_227,DNA Oligo,"PCR, Gibson assembly",CTGTTTCCCAACACACCTCATTAATggcgcgccACTTACATTATTTATTTATATAAAAAG
PC_229,DNA Oligo,"PCR, Gibson assembly",GGGTTAAGAGGGGTGAACCGTTAAAggcgcgccACTTACATTATTTATTTATATAAAAAG
PC_230,DNA Oligo,Sanger sequencing,gcgttttcgcagaaacgtgg
PC_231,IDT gBlock gene fragment,Gibson assembly,TAGGGAGCTTCTCTATCACTGATAGGGACTCGAGAATGGTTAGCAAGGGCGAAGAGGATAACATGGCCTCTCTCCCAGCGACACATGAGCTTCACATCTTCGGCTCTATCAACGGCGTCGATTTTGACATGGTAGGGCAGGGCACGGGCAATCCGAATGACGGATATGAAGAACTGAACCTGAAGTCCACAAAGGGTGACTTACAATTCTCCCCGTGGATTCTGGTCCCTCATATTGGGTATGGCTTCCATCAGTACCTCCCCTACCCTGACGGGATGAGCCCTTTCCAGGCCGCAATGGTCGATGGATCTGGGTATCAAGTCCACCGCACAATGCAGTTTGAAGACGGTGCGAGTCTTACTGTTAATTACCGCTACACCTACGAAGGAAGCCACATAAAAGGAGAGGCCCAGGTGAAGGGGACGGGATTCCCGGCTGACGGTCCCGTGATGACAAACTCGCTGACGGCTGCGGACTGGTGCAGATCGAAGAAGACTTACCCCAACGACAAAACGATCATCTCAACCTTCAAGTGGTCGTACACCACTGGAAATGGCAAACGATACCGGAGCACTGCGCGTACCACTTACACGTTTGCAAAACCAATGGCGGCTAACTACTTGAAAAACCAGCCGATGTACGTGTTCAGGAAGACGGAGCTCAAGCACTCTAAAACAGAGCTCAACTTCAAAGAGTGGCAAAAGGCATTTACGGATGTGATGGGCATGGACGAGTTGTATAAGTGAGGGCCCACTAGTTTATATAATATATTTATGTACTCACAATGGGGTCTACAA
PC_232,DNA Oligo,"PCR, Gibson assembly",ctcacaattTCGACAccctgcccgctgctagagctcgagaATGGTTAGCAAGGGCGAAGA
PC_235,IDT Ultramer,"PCR, Gibson assembly",cggtttaccgagctcttattggttttcaaacttcattgactgtgccggccggccgacaataaaaagattcttgttttcaagaacttg
PC_241,DNA Oligo,Sanger sequencing,TGTCAAAATCGACGCCGTTG
PC_242,DNA Oligo,Sanger sequencing,agcgcatgggtaaggaaggg
PC_243,DNA Oligo,Sanger sequencing,cggtggttgaccagacaaacc
PC_256,IDT Ultramer,"PCR, Gibson assembly",ctggccgtcgttttacaacgtcgtgactgggaaaaccctggcgtcgagcgatcgcctctagcagcgggcagggTGTCG
PC_260,DNA Oligo,"PCR, Gibson assembly",ggcgcgccTTTTTTAATGTATGACATGTGTTGTAAATTTTGAGC
PC_264,IDT Ultramer,"PCR, Gibson assembly",GAGCGGATAACAATTagcaggggagacggcttaagtgttatatgtaagaaattaaaaaaaacaaaataataaatg
PC_265,IDT Ultramer,"PCR, Gibson assembly",TGAGCGGATAACAATTagcaggggagacggcttaagTTTTGTACAATTTATAACAAGTACATTAATTTG
PC_266,IDT Ultramer,"PCR, Gibson assembly",GAGCGGATAACAATTagcaggggagacggcttaagTTTTGAATTATATATATGATAATAAAAAAAATTAAATAAATAAATATAAATATG
PC_267,IDT Ultramer,"PCR, Gibson assembly",GAGCGGATAACAATTagcaggggagacggcttaagGTTTAGTATATTAATATATATGTATATATATATATATATATATTTTTTTTTTTTC
PC_268,DNA Oligo,"PCR, Gibson assembly",tggaatactaaatatatatccaatggcccctttcc
PC_269,DNA Oligo,"PCR, Gibson assembly",aaaaatatataaattgataatatataaaattaatcacatataaggcgcgccGCATGAACG
PC_270,IDT Ultramer,"PCR, Gibson assembly",GAATAAACTAGTGCTCAAAATTTACAACACATGTCATACATTAAAAAAggcgcgccACTTACATTATTTATTTATATAAAAAG
PC_270,IDT Ultramer,"PCR, Gibson assembly",GAATAAACTAGTGCTCAAAATTTACAACACATGTCATACATTAAAAAAggcgcgccACTTACATTATTTATTTATATAAAAAG
PC_288,DNA Oligo,"PCR, Gibson assembly",aaggccaagaagggcggaaagtccgagttgtaaactagtccgtctcccctgctAATTGTT
PC_289,DNA Oligo,"PCR, Gibson assembly",gtagaccccattgtgagtacataaatatattatataagggcccctctagcagcgggcagg
PC_294,DNA Oligo,"PCR, Gibson assembly",tcaaacttcattgactgtgccggccggccTGCCCCTTCAAAGAAAAAATACATATTTATG
PC_295,DNA Oligo,"PCR, Gibson assembly",aacaagaatctttttattgtcggccggccTCTTCTTTGTGGTATATACTCTCCTATATAC
PC_296,IDT gBlock gene fragment,Gibson assembly,gcgctcacaattTCGACAccctgcccgctgctagaggcgATGGGCAGCTACCCCTACGACGTACCAGACTACGCCGGAAGCTACCCATACGACGTTCCGGACTATGCAGGAAGCATGAAAATCAGATACGACAAGTGTAGCAGCACCAAAGATCTAAACTATTTCTTTCACCTAAAGCTGGGATTCTTTGTATGCTATAAGAACCACAACGACAAATATAGCTTCAAGAACAAGATTTTGCAAAAAAACGACACGATTCTCTTCTTCAAGAAGAAGAAGAAGTTCATGTACCTTCGCAAGAAGAAGAAAAAGAAAAAAAAGAAAATACTCATTCAGATTATACAAGAATATAATAAATATAATGAATATTTTAAATATAATTCAAATTTAGAAGGTAATCAAGGATTCAATAAAAAACCAGAAAAAAATAAAAACACAAAAGGAAATGTATATACTGATCATACAAATCAAAATGCAAAATCAAAAATATATAATTATGATATGAATGATGATTCTTATTCTAATTATGTGAACAACAATAATGTTTTTAGAATATCATCTTTTTTGATATTAAATAATGAATTTTTTGGATATCCCCTTCAATTTGTTTGTGAAACAGAAGGGAGAAGTAGGAACCATGAACATTATCCGGACGTACATGGGGATAATATTAAGTATAACAAATGTGATGATAATAAGTATcgccgtacgtaatacgactcactataggGTAGTTTAGGTCTTTTGTACgttttagagctagaaatagcaagttaaaataaggctagtccgttatcaacttgaaaaagtggcaccgagtcggtgctactctaaccccatcggccgtcttaggggttttttgtgcgatcgctcgacgccagggttttcccagtcacgacgt
PC_297,DNA Oligo,"PCR, Gibson assembly",ttcattgactgtgccggccggccTGATATGAGTTATCCAAAATTGAAACATATATTTTTC
PC_298,DNA Oligo,"PCR, Gibson assembly",tgaaaacaagaatctttttattgtcggccggccTTTTACCACAGGTTAAAAAAAAAGAAG
PC_303,Twist gene fragment,Gibson assembly,attTCGACAccctgcccgctgctagaggcgATGGGCAGCTATCCGTATGACGTTCCGGACTATGCTGGATCCTATCCATACGACGTACCGGACTATGCGGGCAGCATGGAGGACGACAAGGACAACAACATTACGAAGGAGAACTTAAACGAGGTTGACATTGAGAACAGCCAGCACCCGATTATTGAGGAGAAGAACTTAAAGGAGGAGGGCGTTAAGGACGAGGGCGGCAAGGTTTTTTTAAAAGGTGAACCGATACATAAACATTTATACAAACATAGTTATAATACGCAAGTATATAAAGATGAAGTTACACATATGCGTTTAAGAAATAGAGAAAATAAAAATTTGAATGAAAATAATTCGGATGATAATAAAAAGGTAAATAAGAAGAATGGGTGTGTTGATATTAATATGAATGAACATACTAATAAAAAGGAAGATGGTGATGATGATGATGGTGATGcgccgtacgtaatacgactcactataggGAAGGAGTAAAAGATGAGGGgttttagagctagaaatagcaagttaaaataaggctagtccgttatcaacttgaaaaagtggcaccgagtcggtgctactctaaccccatcggccgtcttaggggttttttgtgcgatcgctcgacgccagggttttcccagtcacgacgt
PC_355,DNA Oligo,RT-qPCR for PI3K,tggggtgcacaaatccagtcgt
PC_356,DNA Oligo,RT-qPCR for PI3K,tgctgcccggataattcaccct
PC_357,DNA Oligo,RT-qPCR for PI4K,ggcgataaactgatgccgtcgc
PC_358,DNA Oligo,RT-qPCR for PI4K,tgccacaggtttatcatgcgacg
PC_375,DNA Oligo,"RT-qPCR for actin (PFL2215w, Salanti et al. 2003)",AGCAGCAGGAATCCACACA
PC_376,DNA Oligo,"RT-qPCR for actin (PFL2215w, Salanti et al. 2003)",TGATGGTGCAAGGGTTGTAA
PC_381,DNA Oligo,RT-qPCR for FLuc,tatcaggtggcccccgctgaat
PC_382,DNA Oligo,RT-qPCR for FLuc,ctccaaaacaacaacggcggcg